{
  "current": {
    "customer_layout": "theme",
    "regular_font_size": "13px",
    "regular_line_height": "18px",
    "heading_custom_font_family": "",
    "h1_fsize": "24px",
    "h1_lheight": "32px",
    "h2_fsize": "20px",
    "h2_lheight": "30px",
    "h3_fsize": "20px",
    "h3_lheight": "30px",
    "h4_fsize": "17px",
    "h4_lheight": "24px",
    "h5_fsize": "15px",
    "h5_lheight": "18px",
    "h6_fsize": "15px",
    "h6_lheight": "13px",
    "footer_height": "82px",
    "content_width": "9",
    "homepage_products_count": "8",
    "collection_listing_count": "6",
    "body_bg_color": "#ffffff",
    "font_color": "#888888",
    "headings_color": "#000000",
    "link_color": "#000000",
    "link_color_act": "#d83298",
    "btn_primary_color": "#ffffff",
    "btn_primary_color_hover": "#999999",
    "btn_primary_bg_t": "#333333",
    "btn_primary_bg_b": "#333333",
    "btn_primary_bg_hover": "#333333",
    "color1": "#ffffff",
    "color2": "#000000",
    "color3": "#333333",
    "color4": "#7cbb00",
    "color5": "#009cea",
    "color6": "#dd4c39",
    "color7": "#43609a",
    "color8": "#cd2026",
    "color9": "#ffbb00",
    "color10": "#d83298",
    "color11": "#5143a9",
    "color12": "#fe5f23",
    "newsletter_bg": "#b8b8b8",
    "supported_currencies": "GBP USD EUR",
    "default_currency": "USD",
    "slide_1_link": "\/products\/product03",
    "slide_1_caption_line1": "TOSHIBA",
    "slide_1_caption_line2": "Lorem ipsum dolor sit amet",
    "slide_1_caption_text": "Lorem ipsum dolor sit amet conse ctetur adipisicing elit, sed do eiusmod tempor incididunt ut labore et dolore magna aliqua. Ut enim ad minim veniam, quis nostrud exercitation ullamc",
    "slide_2_link": "\/products\/product01",
    "slide_2_caption_line1": "Lenovo",
    "slide_2_caption_line2": "Ipsum dolor sit amet",
    "slide_2_caption_text": "Lorem ipsum dolor sit amet conse ctetur adipisicing elit, sed do eiusmod tempor incididunt ut labore et dolore magna aliqua. Ut enim ad minim veniam, quis nostrud exercitation ullamc",
    "slide_3_link": "\/products\/product07",
    "slide_3_caption_line1": "Samsung",
    "slide_3_caption_line2": "Set magna dolor sit amet",
    "slide_3_caption_text": "Lorem ipsum dolor sit amet conse ctetur adipisicing elit, sed do eiusmod tempor incididunt ut labore et dolore magna aliqua. Ut enim ad minim veniam, quis nostrud exercitation ullamc",
    "header_social_1_twi": "https:\/\/twitter.com\/templatemonster",
    "header_social_2_gpl": "https:\/\/google.com\/+templatemonster",
    "header_social_3_fcb": "https:\/\/www.facebook.com\/TemplateMonster",
    "header_social_4_pin": "https:\/\/www.pinterest.com\/templatemonster\/",
    "banner_1_title": "Tablets",
    "banner_1_text": "Lorem ipsum dolor sit amet conse ctetur adipisicing",
    "banner_1_link": "\/collections\/hard-drives",
    "banner_2_title": "Notebooks",
    "banner_2_text": "Lorem ipsum dolor sit amet conse ctetur adipisicing",
    "banner_2_link": "\/collections\/accessories",
    "banner_3_title": "Monitors",
    "banner_3_text": "Lorem ipsum dolor sit amet conse ctetur adipisicing",
    "banner_3_link": "\/collections\/monitors",
    "banner_4_title": "CPUs",
    "banner_4_text": "Lorem ipsum dolor sit amet conse ctetur adipisicing",
    "banner_4_link": "\/collections\/CPUs",
    "bottom_block_1_title": "About our store",
    "bottom_block_1_content": "Lorem ipsum dolor sit amet, consectetur adipisicing elit. Molestiae, vitae, deserunt, eaque, similique aliquam ratione quis ex aperiam fugit voluptas ipsam placeat",
    "bottom_block_2_title": "Catalog",
    "bottom_block_3_title": "Links",
    "bottom_block_4_title": "Contacts",
    "bottom_block_4_adr": "8901 Marmora Road, Glasgow,   D04 89GR",
    "bottom_block_4_tel": "Tel: 1-800-234-5678",
    "mailing_list_title": "Newsletter",
    "checkout_banner_background_color": "#fff",
    "checkout_accent_color": "#2a9dcc",
    "checkout_button_color": "#2a9dcc",
    "checkout_call_to_action_color": "#8fc243",
    "heading_custom_font_code": "",
    "mailchimp_form_action": "http:\/\/templatemonster.us7.list-manage.com\/subscribe\/post?u=8c25df03a2dca27661163e179&amp;id=6317448596",
    "mailing_list_tagline": "",
    "regular_font_family": "Arial, Helvetica, sans-serif",
    "heading_font_family": "Arial, Helvetica, sans-serif",
    "main_nav": "main-menu",
    "left_sidebar_width": "2",
    "right_sidebar_width": "3",
    "homepage_products": "accessories",
    "homepage_listing_cols": "4",
    "homepage_listing_image_size": "medium",
    "collection_listing_cols": "3",
    "collection_listing_image_size": "medium",
    "enable_breadcrumbs": "true",
    "currency_format": "money_format",
    "bottom_block_2_list": "catalog",
    "bottom_block_3_list": "footer",
    "bestsellers_cat": "cpus",
    "checkout_logo": "",
    "use_logo": false,
    "show_copyright": true,
    "heading_ffamily_use_custom": false,
    "enable_left_sidebar": false,
    "enable_right_sidebar": true,
    "show_multiple_currencies": true,
    "slider_toggle": true,
    "slide1_toggle": true,
    "slide2_toggle": true,
    "slide3_toggle": true,
    "show_amex": true,
    "show_discover": true,
    "show_visa": true,
    "show_mastercard": true,
    "show_maestro": true,
    "show_cirrus": true,
    "show_paypal": true,
    "show_google": true,
    "checkout_use_header_image": false,
    "header_link": "#ffffff",
    "nav_item_color": "#ffffff",
    "nav_item_bg": "#000000",
    "nav_item_bg_active": "#333333",
    "header_bg_gradient_t": "#f8f7f4",
    "header_bg_gradient_b": "#fefefd",
    "header_color": "#333333",
    "header_link_act": "#333333",
    "header_borders": "#585858",
    "nav_item_color_act": "#ffffff",
    "nav_item_bg_act": "#938f8e",
    "nav_dropdown_bg": "#b8b8b8",
    "nav_item_sub_bg": "",
    "nav_item_sub_bg_act": "",
    "nav_item_color_sub": "",
    "nav_item_color_sub_act": "",
    "body_bg_type": "bg_color",
    "header_bg_type": "gradient",
    "bottom_block_4_content": "8901 Marmora Road, Glasgow, D04 89GR",
    "bottom_block_5_title": "Order online",
    "bottom_block_5_content": "Tel:1(234) 567-8902",
    "bottom_block_1_list": "collections",
    "showcase_banner_color1": "#428bca",
    "showcase_banner_color2": "#342c2a",
    "showcase_banner_color3": "#938f8e",
    "slider_price_color": "#428bca",
    "showcase_block_1_line1": "New",
    "showcase_block_1_line2": "Arrivals",
    "showcase_block_1_price_before": "up to",
    "showcase_block_1_price": "35%",
    "showcase_block_1_price_after": "off",
    "showcase_block_1_button_text": "Show now!",
    "showcase_block_1_button_link": "\/collections\/swim",
    "showcase_block_2_line1": "Portable",
    "showcase_block_2_line2": "Collection",
    "showcase_block_2_price_before": "$",
    "showcase_block_2_price": "95",
    "showcase_block_2_price_after": "& up",
    "showcase_block_2_button_text": "Show now!",
    "showcase_block_2_button_link": "\/collections\/sexy",
    "showcase_block_3_line1": "FREE SHIPPING",
    "showcase_block_3_line2": "ON ORDERS OVER $ 99",
    "showcase_block_3_line3": "THIS OFFER IS VALID ON ALL OUR STORE ITEMS",
    "showcase_block_1_image_only": "false",
    "showcase_block_1_button": "true",
    "showcase_block_2_image_only": "false",
    "showcase_block_2_button": "true",
    "header_block_1_line1": "Header custom block line 1",
    "header_block_1_line2": "Header custom block line 2",
    "header_block_1_line3": "Header custom block line 3",
    "slide_1_caption_line3": "",
    "slide_2_caption_line3": "",
    "slide_3_caption_line3": "",
    "welcome_text": "",
    "display_welcome": "false",
    "slide_1_caption_label_line1": "Clearance",
    "slide_1_caption_label_line2": "Sale",
    "slide_1_caption_price_main": "1175.99",
    "slide_1_caption_price_cross": "1290.45",
    "slide_1_caption_link_text": "Shop now!",
    "slide_1_caption_link": "\/collections\/all",
    "slide_2_caption_label_line1": "Clearance",
    "slide_2_caption_label_line2": "Sale",
    "slide_2_caption_price_main": "1849.99",
    "slide_2_caption_price_cross": "1955.20",
    "slide_2_caption_link_text": "Shop now!",
    "slide_2_caption_link": "\/collections\/all",
    "slide_3_caption_label_line1": "Clearance",
    "slide_3_caption_label_line2": "Sale",
    "slide_3_caption_price_main": "1232.99",
    "slide_3_caption_price_cross": "1550.8",
    "slide_3_caption_link_text": "Shop now!",
    "slide_3_caption_link": "\/collections\/all",
    "slide_1_caption_desc": "Lorem ipsum dolor sit amet conse ctetur",
    "slide_2_caption_desc": "Lorem ipsum dolor sit amet conse ctetur",
    "slide_3_caption_desc": "Lorem ipsum dolor sit amet conse ctetur",
    "nav_item_border_l": "#ffffff",
    "nav_item_border_r": "#ffffff",
    "nav_item_border_l_act": "#428bca",
    "nav_item_border_r_act": "#428bca",
    "header_custom_h2": "#428bca",
    "header_custom_h4": "#ffffff",
    "header_custom_h5": "#999999",
    "body_bg_var": "custom",
    "nav_bg_var": "electronics",
    "newsletter_bg_var": "custom",
    "slider_var": "electronics",
    "showcase_var": "electronics",
    "body_bg_custom": "#c25d5d",
    "image_set": "fashion",
    "__LIQUID__.btn_primary_bg_t": "",
    "__LIQUID__.btn_primary_bg_b": "",
    "__LIQUID__.btn_primary_bg_hover": "",
    "__LIQUID__.color5": "",
    "__LIQUID__.color8": "",
    "__LIQUID__.color9": "",
    "__LIQUID__.color10": "",
    "__LIQUID__.color11": "",
    "__LIQUID__.color12": ""
  },
  "presets": {
  }
}